{
  "size": 200,
  "scenarios": [
    {
      "time_mean": 10596.38415336609,
      "time_median": 10463.4305238725,
      "time_std": 1302.8011677288855,
      "time_min": 7798.623085022,
      "time_max": 12902.714014053,
      "time_p25": 10060.9322190285,
      "time_p50": 10463.4305238725,
      "time_p75": 11634.50896739925,
      "time_p90": 12378.4624099728,
      "time_p95": 12621.8323946003,
      "time_p99": 12899.85894203232,
      "success_rate": 1.0,
      "timeout_rate": 0.0,
      "failed_rate": 0.0,
      "infeasible_rate": 0.0,
      "total_runs": 100,
      "success_count": 100,
      "timeout_count": 0,
      "failed_count": 0,
      "infeasible_count": 0,
      "time_cv": 0.12294771016913655,
      "time_iqr": 1573.5767483707496,
      "time_skewness": -0.3298792371952172,
      "time_kurtosis": -0.35056393528440744,
      "file": "glpk_identical_200.csv",
      "scenario": "identical"
    },
    {
      "time_mean": 7566.6686534881555,
      "time_median": 7471.64702415465,
      "time_std": 744.2772930732312,
      "time_min": 5913.733959198,
      "time_max": 12220.484018326,
      "time_p25": 7144.12450790405,
      "time_p50": 7471.64702415465,
      "time_p75": 7908.5192680359,
      "time_p90": 8361.39073371884,
      "time_p95": 8470.0461387634,
      "time_p99": 8838.060886859945,
      "success_rate": 1.0,
      "timeout_rate": 0.0,
      "failed_rate": 0.0,
      "infeasible_rate": 0.0,
      "total_runs": 100,
      "success_count": 100,
      "timeout_count": 0,
      "failed_count": 0,
      "infeasible_count": 0,
      "time_cv": 0.09836261202347313,
      "time_iqr": 764.3947601318496,
      "time_skewness": 2.2647780313560175,
      "time_kurtosis": 13.793814605479145,
      "file": "glpk_opposite_200.csv",
      "scenario": "opposite"
    },
    {
      "time_mean": 7539.583992958074,
      "time_median": 7528.12802791595,
      "time_std": 738.1768780363603,
      "time_min": 6151.1318683624,
      "time_max": 10370.982885361,
      "time_p25": 6995.80597877505,
      "time_p50": 7528.12802791595,
      "time_p75": 7809.110522270201,
      "time_p90": 8389.90883827208,
      "time_p95": 8983.55697393417,
      "time_p99": 9671.169705390903,
      "success_rate": 1.0,
      "timeout_rate": 0.0,
      "failed_rate": 0.0,
      "infeasible_rate": 0.0,
      "total_runs": 100,
      "success_count": 100,
      "timeout_count": 0,
      "failed_count": 0,
      "infeasible_count": 0,
      "time_cv": 0.09790684455877315,
      "time_iqr": 813.3045434951509,
      "time_skewness": 1.1012872496695805,
      "time_kurtosis": 2.1544791010756548,
      "file": "glpk_random_200.csv",
      "scenario": "random"
    },
    {
      "time_mean": 9613.769459724424,
      "time_median": 9341.4281606674,
      "time_std": 1814.0907022774452,
      "time_min": 5441.4448738098,
      "time_max": 18038.953065872,
      "time_p25": 8319.1578984261,
      "time_p50": 9341.4281606674,
      "time_p75": 10494.306385517251,
      "time_p90": 11652.288937569,
      "time_p95": 12253.63589525215,
      "time_p99": 15982.490432262452,
      "success_rate": 1.0,
      "timeout_rate": 0.0,
      "failed_rate": 0.0,
      "infeasible_rate": 0.0,
      "total_runs": 100,
      "success_count": 100,
      "timeout_count": 0,
      "failed_count": 0,
      "infeasible_count": 0,
      "time_cv": 0.1886971296615059,
      "time_iqr": 2175.1484870911518,
      "time_skewness": 1.5068977208934036,
      "time_kurtosis": 4.643065507517448,
      "file": "glpk_realistic_200.csv",
      "scenario": "realistic"
    }
  ],
  "scenario_names": [
    "identical",
    "opposite",
    "random",
    "realistic"
  ]
}