{
  "time_mean": 7539.583992958074,
  "time_median": 7528.12802791595,
  "time_std": 738.1768780363603,
  "time_min": 6151.1318683624,
  "time_max": 10370.982885361,
  "time_p25": 6995.80597877505,
  "time_p50": 7528.12802791595,
  "time_p75": 7809.110522270201,
  "time_p90": 8389.90883827208,
  "time_p95": 8983.55697393417,
  "time_p99": 9671.169705390903,
  "success_rate": 1.0,
  "timeout_rate": 0.0,
  "failed_rate": 0.0,
  "infeasible_rate": 0.0,
  "total_runs": 100,
  "success_count": 100,
  "timeout_count": 0,
  "failed_count": 0,
  "infeasible_count": 0,
  "time_cv": 0.09790684455877315,
  "time_iqr": 813.3045434951509,
  "time_skewness": 1.1012872496695805,
  "time_kurtosis": 2.1544791010756548
}