{
  "time_mean": 521.4046568870546,
  "time_median": 519.80257034302,
  "time_std": 5.22138743954756,
  "time_min": 514.52016830444,
  "time_max": 544.93093490601,
  "time_p25": 517.58670806885,
  "time_p50": 519.80257034302,
  "time_p75": 523.2902169227575,
  "time_p90": 528.5573482513471,
  "time_p95": 532.4197530746485,
  "time_p99": 539.5859503746053,
  "success_rate": 1.0,
  "timeout_rate": 0.0,
  "failed_rate": 0.0,
  "infeasible_rate": 0.0,
  "total_runs": 1000,
  "success_count": 1000,
  "timeout_count": 0,
  "failed_count": 0,
  "infeasible_count": 0,
  "time_cv": 0.010014079027833855,
  "time_iqr": 5.703508853907465,
  "time_skewness": 1.5867698984327274,
  "time_kurtosis": 2.5269124381190124
}