{
  "time_mean": 530.4052219390869,
  "time_median": 528.15389633179,
  "time_std": 8.718831063365931,
  "time_min": 520.35188674927,
  "time_max": 652.04000473022,
  "time_p25": 524.8295068740849,
  "time_p50": 528.15389633179,
  "time_p75": 533.32418203354,
  "time_p90": 541.2506103515619,
  "time_p95": 546.1371898651145,
  "time_p99": 556.9027018547059,
  "success_rate": 1.0,
  "timeout_rate": 0.0,
  "failed_rate": 0.0,
  "infeasible_rate": 0.0,
  "total_runs": 1000,
  "success_count": 1000,
  "timeout_count": 0,
  "failed_count": 0,
  "infeasible_count": 0,
  "time_cv": 0.016438056607910288,
  "time_iqr": 8.494675159455028,
  "time_skewness": 4.03761547478902,
  "time_kurtosis": 40.40348928582416
}