{
  "size": 20,
  "scenarios": [
    {
      "time_mean": 521.4941935539246,
      "time_median": 520.142555236815,
      "time_std": 6.182190400814198,
      "time_min": 511.04807853699,
      "time_max": 574.11885261536,
      "time_p25": 517.4613595008875,
      "time_p50": 520.142555236815,
      "time_p75": 523.57316017151,
      "time_p90": 528.2671689987211,
      "time_p95": 533.23421478271,
      "time_p99": 543.6204147338875,
      "success_rate": 1.0,
      "timeout_rate": 0.0,
      "failed_rate": 0.0,
      "infeasible_rate": 0.0,
      "total_runs": 1000,
      "success_count": 1000,
      "timeout_count": 0,
      "failed_count": 0,
      "infeasible_count": 0,
      "time_cv": 0.011854763633480293,
      "time_iqr": 6.111800670622529,
      "time_skewness": 2.600357437524634,
      "time_kurtosis": 12.649120823784557,
      "file": "glpk_identical_20.csv",
      "scenario": "identical"
    },
    {
      "time_mean": 521.4046568870546,
      "time_median": 519.80257034302,
      "time_std": 5.22138743954756,
      "time_min": 514.52016830444,
      "time_max": 544.93093490601,
      "time_p25": 517.58670806885,
      "time_p50": 519.80257034302,
      "time_p75": 523.2902169227575,
      "time_p90": 528.5573482513471,
      "time_p95": 532.4197530746485,
      "time_p99": 539.5859503746053,
      "success_rate": 1.0,
      "timeout_rate": 0.0,
      "failed_rate": 0.0,
      "infeasible_rate": 0.0,
      "total_runs": 1000,
      "success_count": 1000,
      "timeout_count": 0,
      "failed_count": 0,
      "infeasible_count": 0,
      "time_cv": 0.010014079027833855,
      "time_iqr": 5.703508853907465,
      "time_skewness": 1.5867698984327274,
      "time_kurtosis": 2.5269124381190124,
      "file": "glpk_opposite_20.csv",
      "scenario": "opposite"
    },
    {
      "time_mean": 475.2740526199341,
      "time_median": 512.93158531189,
      "time_std": 51.22741715450491,
      "time_min": 407.81712532043,
      "time_max": 538.84506225586,
      "time_p25": 413.48952054977246,
      "time_p50": 512.93158531189,
      "time_p75": 517.5338983535751,
      "time_p90": 521.412062644961,
      "time_p95": 523.173105716701,
      "time_p99": 527.1557712554916,
      "success_rate": 1.0,
      "timeout_rate": 0.0,
      "failed_rate": 0.0,
      "infeasible_rate": 0.0,
      "total_runs": 1000,
      "success_count": 1000,
      "timeout_count": 0,
      "failed_count": 0,
      "infeasible_count": 0,
      "time_cv": 0.10778500713875563,
      "time_iqr": 104.0443778038026,
      "time_skewness": -0.3886076738617296,
      "time_kurtosis": -1.8241395323185168,
      "file": "glpk_random_20.csv",
      "scenario": "random"
    },
    {
      "time_mean": 480.1317405700684,
      "time_median": 515.4435634613051,
      "time_std": 53.32146611071888,
      "time_min": 408.64896774292,
      "time_max": 599.0309715271,
      "time_p25": 417.425692081455,
      "time_p50": 515.4435634613051,
      "time_p75": 522.2062468528775,
      "time_p90": 529.430222511294,
      "time_p95": 538.6060357093769,
      "time_p99": 561.971480846401,
      "success_rate": 1.0,
      "timeout_rate": 0.0,
      "failed_rate": 0.0,
      "infeasible_rate": 0.0,
      "total_runs": 1000,
      "success_count": 1000,
      "timeout_count": 0,
      "failed_count": 0,
      "infeasible_count": 0,
      "time_cv": 0.11105590737952341,
      "time_iqr": 104.78055477142249,
      "time_skewness": -0.2714801101879982,
      "time_kurtosis": -1.6961346575793623,
      "file": "glpk_realistic_20.csv",
      "scenario": "realistic"
    }
  ],
  "scenario_names": [
    "identical",
    "opposite",
    "random",
    "realistic"
  ]
}