{
  "time_mean": 413.6895947456359,
  "time_median": 412.47296333313,
  "time_std": 4.611184184422027,
  "time_min": 407.17887878418,
  "time_max": 449.44906234741,
  "time_p25": 410.8057022094725,
  "time_p50": 412.47296333313,
  "time_p75": 415.0229692459075,
  "time_p90": 418.585944175723,
  "time_p95": 422.51646518707196,
  "time_p99": 431.51243209839083,
  "success_rate": 1.0,
  "timeout_rate": 0.0,
  "failed_rate": 0.0,
  "infeasible_rate": 0.0,
  "total_runs": 1000,
  "success_count": 1000,
  "timeout_count": 0,
  "failed_count": 0,
  "infeasible_count": 0,
  "time_cv": 0.01114648336092981,
  "time_iqr": 4.217267036435032,
  "time_skewness": 2.611685916651976,
  "time_kurtosis": 10.320384818339154
}