{
  "size": 300,
  "scenarios": [
    {
      "time_mean": 25186.14127397535,
      "time_median": 24469.699501991498,
      "time_std": 3226.1617013118457,
      "time_min": 20689.800977707,
      "time_max": 33246.476888657,
      "time_p25": 22500.9591579435,
      "time_p50": 24469.699501991498,
      "time_p75": 26901.0015726085,
      "time_p90": 30110.2350950237,
      "time_p95": 31859.600985050147,
      "time_p99": 33162.010328769626,
      "success_rate": 1.0,
      "timeout_rate": 0.0,
      "failed_rate": 0.0,
      "infeasible_rate": 0.0,
      "total_runs": 100,
      "success_count": 100,
      "timeout_count": 0,
      "failed_count": 0,
      "infeasible_count": 0,
      "time_cv": 0.12809273426276752,
      "time_iqr": 4400.042414665,
      "time_skewness": 0.7774153255215266,
      "time_kurtosis": -0.15704892373539847,
      "file": "glpk_identical_300.csv",
      "scenario": "identical"
    },
    {
      "time_mean": 18530.44026374814,
      "time_median": 18363.7624979015,
      "time_std": 5649.899715667248,
      "time_min": 14054.155111313,
      "time_max": 59754.61101532,
      "time_p25": 16946.5740323065,
      "time_p50": 18363.7624979015,
      "time_p75": 19162.88405656775,
      "time_p90": 19779.386186599702,
      "time_p95": 20352.39096879975,
      "time_p99": 50795.295169353296,
      "success_rate": 1.0,
      "timeout_rate": 0.0,
      "failed_rate": 0.0,
      "infeasible_rate": 0.0,
      "total_runs": 100,
      "success_count": 100,
      "timeout_count": 0,
      "failed_count": 0,
      "infeasible_count": 0,
      "time_cv": 0.3048982989746001,
      "time_iqr": 2216.310024261249,
      "time_skewness": 5.74943370863657,
      "time_kurtosis": 36.709080374846785,
      "file": "glpk_opposite_300.csv",
      "scenario": "opposite"
    },
    {
      "time_mean": 27956.96673154837,
      "time_median": 28854.7035455705,
      "time_std": 5093.135003150243,
      "time_min": 17761.922836304,
      "time_max": 44133.923053741,
      "time_p25": 25789.96849060025,
      "time_p50": 28854.7035455705,
      "time_p75": 31321.2104439735,
      "time_p90": 32952.7180671694,
      "time_p95": 35039.40038681055,
      "time_p99": 36591.050546169645,
      "success_rate": 1.0,
      "timeout_rate": 0.0,
      "failed_rate": 0.0,
      "infeasible_rate": 0.0,
      "total_runs": 100,
      "success_count": 100,
      "timeout_count": 0,
      "failed_count": 0,
      "infeasible_count": 0,
      "time_cv": 0.18217766798723678,
      "time_iqr": 5531.24195337325,
      "time_skewness": -0.2202184330486304,
      "time_kurtosis": 0.06750189135475537,
      "file": "glpk_random_300.csv",
      "scenario": "random"
    },
    {
      "time_mean": 16476.557633876746,
      "time_median": 16381.97350502,
      "time_std": 1561.9311912758578,
      "time_min": 12351.261138916,
      "time_max": 26559.87405777,
      "time_p25": 15411.5172624585,
      "time_p50": 16381.97350502,
      "time_p75": 17200.1886963845,
      "time_p90": 17750.8086204531,
      "time_p95": 18693.01224946955,
      "time_p99": 19816.513769626323,
      "success_rate": 1.0,
      "timeout_rate": 0.0,
      "failed_rate": 0.0,
      "infeasible_rate": 0.0,
      "total_runs": 100,
      "success_count": 100,
      "timeout_count": 0,
      "failed_count": 0,
      "infeasible_count": 0,
      "time_cv": 0.09479717948271171,
      "time_iqr": 1788.6714339259997,
      "time_skewness": 2.6971950310344814,
      "time_kurtosis": 15.959395437856656,
      "file": "glpk_realistic_300.csv",
      "scenario": "realistic"
    }
  ],
  "scenario_names": [
    "identical",
    "opposite",
    "random",
    "realistic"
  ]
}