{
  "time_mean": 301.1909532546998,
  "time_median": 308.33292007446,
  "time_std": 30.055863364953098,
  "time_min": 203.47905158997,
  "time_max": 374.29213523865,
  "time_p25": 306.65701627731,
  "time_p50": 308.33292007446,
  "time_p75": 310.88811159133996,
  "time_p90": 314.934158325194,
  "time_p95": 319.728744029998,
  "time_p99": 340.0340533256573,
  "success_rate": 1.0,
  "timeout_rate": 0.0,
  "failed_rate": 0.0,
  "infeasible_rate": 0.0,
  "total_runs": 1000,
  "success_count": 1000,
  "timeout_count": 0,
  "failed_count": 0,
  "infeasible_count": 0,
  "time_cv": 0.09979006022646565,
  "time_iqr": 4.231095314029972,
  "time_skewness": -2.624024070296263,
  "time_kurtosis": 5.675967592095912
}