{
  "time_mean": 475.2740526199341,
  "time_median": 512.93158531189,
  "time_std": 51.22741715450491,
  "time_min": 407.81712532043,
  "time_max": 538.84506225586,
  "time_p25": 413.48952054977246,
  "time_p50": 512.93158531189,
  "time_p75": 517.5338983535751,
  "time_p90": 521.412062644961,
  "time_p95": 523.173105716701,
  "time_p99": 527.1557712554916,
  "success_rate": 1.0,
  "timeout_rate": 0.0,
  "failed_rate": 0.0,
  "infeasible_rate": 0.0,
  "total_runs": 1000,
  "success_count": 1000,
  "timeout_count": 0,
  "failed_count": 0,
  "infeasible_count": 0,
  "time_cv": 0.10778500713875563,
  "time_iqr": 104.0443778038026,
  "time_skewness": -0.3886076738617296,
  "time_kurtosis": -1.8241395323185168
}