{
  "time_mean": 521.4941935539246,
  "time_median": 520.142555236815,
  "time_std": 6.182190400814198,
  "time_min": 511.04807853699,
  "time_max": 574.11885261536,
  "time_p25": 517.4613595008875,
  "time_p50": 520.142555236815,
  "time_p75": 523.57316017151,
  "time_p90": 528.2671689987211,
  "time_p95": 533.23421478271,
  "time_p99": 543.6204147338875,
  "success_rate": 1.0,
  "timeout_rate": 0.0,
  "failed_rate": 0.0,
  "infeasible_rate": 0.0,
  "total_runs": 1000,
  "success_count": 1000,
  "timeout_count": 0,
  "failed_count": 0,
  "infeasible_count": 0,
  "time_cv": 0.011854763633480293,
  "time_iqr": 6.111800670622529,
  "time_skewness": 2.600357437524634,
  "time_kurtosis": 12.649120823784557
}