{
  "size": 500,
  "scenarios": [
    {
      "time_mean": 87869.82819318806,
      "time_median": 89820.6934928895,
      "time_std": 22506.428387237655,
      "time_min": 48620.989084244,
      "time_max": 123544.73686218,
      "time_p25": 65073.62699508675,
      "time_p50": 89820.6934928895,
      "time_p75": 108079.1246295,
      "time_p90": 113562.32194900901,
      "time_p95": 118375.549709795,
      "time_p99": 122212.0732235946,
      "success_rate": 1.0,
      "timeout_rate": 0.0,
      "failed_rate": 0.0,
      "infeasible_rate": 0.0,
      "total_runs": 100,
      "success_count": 100,
      "timeout_count": 0,
      "failed_count": 0,
      "infeasible_count": 0,
      "time_cv": 0.25613374749926304,
      "time_iqr": 43005.49763441325,
      "time_skewness": -0.3024721054663626,
      "time_kurtosis": -1.231136581100374,
      "file": "glpk_identical_500.csv",
      "scenario": "identical"
    },
    {
      "time_mean": 85267.29547739036,
      "time_median": 86181.8424463275,
      "time_std": 20190.745662372876,
      "time_min": 47263.271093369,
      "time_max": 117385.3468895,
      "time_p25": 66506.217777729,
      "time_p50": 86181.8424463275,
      "time_p75": 102238.14088106001,
      "time_p90": 109948.822546007,
      "time_p95": 112434.2082023665,
      "time_p99": 116450.4623365427,
      "success_rate": 1.0,
      "timeout_rate": 0.0,
      "failed_rate": 0.0,
      "infeasible_rate": 0.0,
      "total_runs": 100,
      "success_count": 100,
      "timeout_count": 0,
      "failed_count": 0,
      "infeasible_count": 0,
      "time_cv": 0.2367935507902522,
      "time_iqr": 35731.923103331006,
      "time_skewness": -0.3585887356444251,
      "time_kurtosis": -1.1178617241059863,
      "file": "glpk_opposite_500.csv",
      "scenario": "opposite"
    },
    {
      "time_mean": 55925.62327384942,
      "time_median": 56280.4725170135,
      "time_std": 4218.014520360313,
      "time_min": 47752.800941467,
      "time_max": 84301.342964172,
      "time_p25": 53933.55977535225,
      "time_p50": 56280.4725170135,
      "time_p75": 57756.359815597745,
      "time_p90": 59171.9680786132,
      "time_p95": 60136.0226511954,
      "time_p99": 61815.4679489133,
      "success_rate": 1.0,
      "timeout_rate": 0.0,
      "failed_rate": 0.0,
      "infeasible_rate": 0.0,
      "total_runs": 100,
      "success_count": 100,
      "timeout_count": 0,
      "failed_count": 0,
      "infeasible_count": 0,
      "time_cv": 0.07542185984599725,
      "time_iqr": 3822.8000402454927,
      "time_skewness": 2.780155216171341,
      "time_kurtosis": 18.70703201105277,
      "file": "glpk_random_500.csv",
      "scenario": "random"
    },
    {
      "time_mean": 75343.79749536516,
      "time_median": 74826.3219594955,
      "time_std": 10852.47913163504,
      "time_min": 58396.629810333,
      "time_max": 100712.1860981,
      "time_p25": 65942.67463684126,
      "time_p50": 74826.3219594955,
      "time_p75": 85254.42171096776,
      "time_p90": 90696.872138977,
      "time_p95": 92463.34658861195,
      "time_p99": 96073.63607645074,
      "success_rate": 1.0,
      "timeout_rate": 0.0,
      "failed_rate": 0.0,
      "infeasible_rate": 0.0,
      "total_runs": 100,
      "success_count": 100,
      "timeout_count": 0,
      "failed_count": 0,
      "infeasible_count": 0,
      "time_cv": 0.14403944972779797,
      "time_iqr": 19311.7470741265,
      "time_skewness": 0.25838734832613913,
      "time_kurtosis": -1.066411581292263,
      "file": "glpk_realistic_500.csv",
      "scenario": "realistic"
    }
  ],
  "scenario_names": [
    "identical",
    "opposite",
    "random",
    "realistic"
  ]
}