{
  "size": 30,
  "scenarios": [
    {
      "time_mean": 527.3544788360593,
      "time_median": 525.752425193785,
      "time_std": 6.975790062143336,
      "time_min": 515.25807380676,
      "time_max": 579.55694198608,
      "time_p25": 522.65429496765,
      "time_p50": 525.752425193785,
      "time_p75": 530.2806496620175,
      "time_p90": 535.507059097291,
      "time_p95": 539.6121740341215,
      "time_p99": 552.2039222717259,
      "success_rate": 1.0,
      "timeout_rate": 0.0,
      "failed_rate": 0.0,
      "infeasible_rate": 0.0,
      "total_runs": 1000,
      "success_count": 1000,
      "timeout_count": 0,
      "failed_count": 0,
      "infeasible_count": 0,
      "time_cv": 0.013227895736355215,
      "time_iqr": 7.626354694367478,
      "time_skewness": 2.032057762114105,
      "time_kurtosis": 7.036929756880612,
      "file": "glpk_identical_30.csv",
      "scenario": "identical"
    },
    {
      "time_mean": 530.4052219390869,
      "time_median": 528.15389633179,
      "time_std": 8.718831063365931,
      "time_min": 520.35188674927,
      "time_max": 652.04000473022,
      "time_p25": 524.8295068740849,
      "time_p50": 528.15389633179,
      "time_p75": 533.32418203354,
      "time_p90": 541.2506103515619,
      "time_p95": 546.1371898651145,
      "time_p99": 556.9027018547059,
      "success_rate": 1.0,
      "timeout_rate": 0.0,
      "failed_rate": 0.0,
      "infeasible_rate": 0.0,
      "total_runs": 1000,
      "success_count": 1000,
      "timeout_count": 0,
      "failed_count": 0,
      "infeasible_count": 0,
      "time_cv": 0.016438056607910288,
      "time_iqr": 8.494675159455028,
      "time_skewness": 4.03761547478902,
      "time_kurtosis": 40.40348928582416,
      "file": "glpk_opposite_30.csv",
      "scenario": "opposite"
    },
    {
      "time_mean": 519.5689291954042,
      "time_median": 518.61548423767,
      "time_std": 4.8549559826630535,
      "time_min": 512.64500617981,
      "time_max": 555.1769733429,
      "time_p25": 516.0071253776575,
      "time_p50": 518.61548423767,
      "time_p75": 521.9100117683374,
      "time_p90": 525.30269622803,
      "time_p95": 527.8069853782674,
      "time_p99": 536.5299296379086,
      "success_rate": 1.0,
      "timeout_rate": 0.0,
      "failed_rate": 0.0,
      "infeasible_rate": 0.0,
      "total_runs": 1000,
      "success_count": 1000,
      "timeout_count": 0,
      "failed_count": 0,
      "infeasible_count": 0,
      "time_cv": 0.009344199989366874,
      "time_iqr": 5.902886390679896,
      "time_skewness": 1.9160410297600972,
      "time_kurtosis": 7.147712542337716,
      "file": "glpk_random_30.csv",
      "scenario": "random"
    },
    {
      "time_mean": 530.7368805408478,
      "time_median": 527.435541152955,
      "time_std": 15.65093927505075,
      "time_min": 513.34095001221,
      "time_max": 716.96996688843,
      "time_p25": 521.9590067863426,
      "time_p50": 527.435541152955,
      "time_p75": 534.1066718101524,
      "time_p90": 544.237256050108,
      "time_p95": 554.2393088340805,
      "time_p99": 584.0302205085706,
      "success_rate": 1.0,
      "timeout_rate": 0.0,
      "failed_rate": 0.0,
      "infeasible_rate": 0.0,
      "total_runs": 1000,
      "success_count": 1000,
      "timeout_count": 0,
      "failed_count": 0,
      "infeasible_count": 0,
      "time_cv": 0.029489074245418273,
      "time_iqr": 12.14766502380985,
      "time_skewness": 4.618425745158851,
      "time_kurtosis": 36.67485723244518,
      "file": "glpk_realistic_30.csv",
      "scenario": "realistic"
    }
  ],
  "scenario_names": [
    "identical",
    "opposite",
    "random",
    "realistic"
  ]
}