{
  "time_mean": 18530.44026374814,
  "time_median": 18363.7624979015,
  "time_std": 5649.899715667248,
  "time_min": 14054.155111313,
  "time_max": 59754.61101532,
  "time_p25": 16946.5740323065,
  "time_p50": 18363.7624979015,
  "time_p75": 19162.88405656775,
  "time_p90": 19779.386186599702,
  "time_p95": 20352.39096879975,
  "time_p99": 50795.295169353296,
  "success_rate": 1.0,
  "timeout_rate": 0.0,
  "failed_rate": 0.0,
  "infeasible_rate": 0.0,
  "total_runs": 100,
  "success_count": 100,
  "timeout_count": 0,
  "failed_count": 0,
  "infeasible_count": 0,
  "time_cv": 0.3048982989746001,
  "time_iqr": 2216.310024261249,
  "time_skewness": 5.74943370863657,
  "time_kurtosis": 36.709080374846785
}