{
  "size": 5,
  "scenarios": [
    {
      "time_mean": 309.7891933918,
      "time_median": 310.0129365921,
      "time_std": 9.393845276019654,
      "time_min": 117.26808547974,
      "time_max": 334.43307876587,
      "time_p25": 308.42518806457247,
      "time_p50": 310.0129365921,
      "time_p75": 311.4721775054925,
      "time_p90": 313.16287517547903,
      "time_p95": 315.131509304044,
      "time_p99": 321.8104577064545,
      "success_rate": 1.0,
      "timeout_rate": 0.0,
      "failed_rate": 0.0,
      "infeasible_rate": 0.0,
      "total_runs": 1000,
      "success_count": 1000,
      "timeout_count": 0,
      "failed_count": 0,
      "infeasible_count": 0,
      "time_cv": 0.030323347219342694,
      "time_iqr": 3.046989440920015,
      "time_skewness": -13.212989461049828,
      "time_kurtosis": 220.05315026630717,
      "file": "glpk_identical_5.csv",
      "scenario": "identical"
    },
    {
      "time_mean": 308.94011855125433,
      "time_median": 308.027505874635,
      "time_std": 5.7448726226028555,
      "time_min": 212.61405944824,
      "time_max": 326.8358707428,
      "time_p25": 307.4327111244175,
      "time_p50": 308.027505874635,
      "time_p75": 309.89611148834,
      "time_p90": 312.896680831913,
      "time_p95": 315.314102172852,
      "time_p99": 321.5789318084697,
      "success_rate": 1.0,
      "timeout_rate": 0.0,
      "failed_rate": 0.0,
      "infeasible_rate": 0.0,
      "total_runs": 1000,
      "success_count": 1000,
      "timeout_count": 0,
      "failed_count": 0,
      "infeasible_count": 0,
      "time_cv": 0.018595424412804967,
      "time_iqr": 2.463400363922517,
      "time_skewness": -11.337111815199586,
      "time_kurtosis": 182.5538450409067,
      "file": "glpk_opposite_5.csv",
      "scenario": "opposite"
    },
    {
      "time_mean": 299.9265503883363,
      "time_median": 307.783007621765,
      "time_std": 28.639845225773907,
      "time_min": 202.84199714661,
      "time_max": 322.02410697937,
      "time_p25": 306.17249011993,
      "time_p50": 307.783007621765,
      "time_p75": 309.8936676979075,
      "time_p90": 311.283493041995,
      "time_p95": 312.9732012748745,
      "time_p99": 317.6076412200937,
      "success_rate": 1.0,
      "timeout_rate": 0.0,
      "failed_rate": 0.0,
      "infeasible_rate": 0.0,
      "total_runs": 1000,
      "success_count": 1000,
      "timeout_count": 0,
      "failed_count": 0,
      "infeasible_count": 0,
      "time_cv": 0.09548952964881521,
      "time_iqr": 3.721177577977528,
      "time_skewness": -2.959943008044691,
      "time_kurtosis": 6.874620407962503,
      "file": "glpk_random_5.csv",
      "scenario": "random"
    },
    {
      "time_mean": 301.1909532546998,
      "time_median": 308.33292007446,
      "time_std": 30.055863364953098,
      "time_min": 203.47905158997,
      "time_max": 374.29213523865,
      "time_p25": 306.65701627731,
      "time_p50": 308.33292007446,
      "time_p75": 310.88811159133996,
      "time_p90": 314.934158325194,
      "time_p95": 319.728744029998,
      "time_p99": 340.0340533256573,
      "success_rate": 1.0,
      "timeout_rate": 0.0,
      "failed_rate": 0.0,
      "infeasible_rate": 0.0,
      "total_runs": 1000,
      "success_count": 1000,
      "timeout_count": 0,
      "failed_count": 0,
      "infeasible_count": 0,
      "time_cv": 0.09979006022646565,
      "time_iqr": 4.231095314029972,
      "time_skewness": -2.624024070296263,
      "time_kurtosis": 5.675967592095912,
      "file": "glpk_realistic_5.csv",
      "scenario": "realistic"
    }
  ],
  "scenario_names": [
    "identical",
    "opposite",
    "random",
    "realistic"
  ]
}