{
  "time_mean": 527.3544788360593,
  "time_median": 525.752425193785,
  "time_std": 6.975790062143336,
  "time_min": 515.25807380676,
  "time_max": 579.55694198608,
  "time_p25": 522.65429496765,
  "time_p50": 525.752425193785,
  "time_p75": 530.2806496620175,
  "time_p90": 535.507059097291,
  "time_p95": 539.6121740341215,
  "time_p99": 552.2039222717259,
  "success_rate": 1.0,
  "timeout_rate": 0.0,
  "failed_rate": 0.0,
  "infeasible_rate": 0.0,
  "total_runs": 1000,
  "success_count": 1000,
  "timeout_count": 0,
  "failed_count": 0,
  "infeasible_count": 0,
  "time_cv": 0.013227895736355215,
  "time_iqr": 7.626354694367478,
  "time_skewness": 2.032057762114105,
  "time_kurtosis": 7.036929756880612
}