{
  "time_mean": 2082.2197840213785,
  "time_median": 2033.95307064055,
  "time_std": 348.26041344000697,
  "time_min": 1567.9450035095,
  "time_max": 3343.2660102844,
  "time_p25": 1772.643029689775,
  "time_p50": 2033.95307064055,
  "time_p75": 2357.0935726165753,
  "time_p90": 2567.3117399216,
  "time_p95": 2682.54152536388,
  "time_p99": 2905.08062124248,
  "success_rate": 1.0,
  "timeout_rate": 0.0,
  "failed_rate": 0.0,
  "infeasible_rate": 0.0,
  "total_runs": 1000,
  "success_count": 1000,
  "timeout_count": 0,
  "failed_count": 0,
  "infeasible_count": 0,
  "time_cv": 0.16725439653993382,
  "time_iqr": 584.4505429268004,
  "time_skewness": 0.5412254510398364,
  "time_kurtosis": -0.43594847376337764
}