{
  "time_mean": 2839.9466104507455,
  "time_median": 2802.3064136505,
  "time_std": 172.7026111043436,
  "time_min": 2433.4559440613,
  "time_max": 3518.2058811188,
  "time_p25": 2704.28293943405,
  "time_p50": 2802.3064136505,
  "time_p75": 2938.736617565125,
  "time_p90": 3053.6521911621103,
  "time_p95": 3142.655742168405,
  "time_p99": 3384.969062805175,
  "success_rate": 1.0,
  "timeout_rate": 0.0,
  "failed_rate": 0.0,
  "infeasible_rate": 0.0,
  "total_runs": 1000,
  "success_count": 1000,
  "timeout_count": 0,
  "failed_count": 0,
  "infeasible_count": 0,
  "time_cv": 0.06081192176951977,
  "time_iqr": 234.45367813107487,
  "time_skewness": 0.8573911239809342,
  "time_kurtosis": 0.6939467812711015
}