{
  "size": 50,
  "scenarios": [
    {
      "time_mean": 663.0180423259735,
      "time_median": 660.42101383209,
      "time_std": 14.477608563046427,
      "time_min": 639.93382453918,
      "time_max": 792.96708106995,
      "time_p25": 653.8149118423424,
      "time_p50": 660.42101383209,
      "time_p75": 669.2349910736075,
      "time_p90": 677.25689411163,
      "time_p95": 681.9459080696105,
      "time_p99": 711.0947775840768,
      "success_rate": 1.0,
      "timeout_rate": 0.0,
      "failed_rate": 0.0,
      "infeasible_rate": 0.0,
      "total_runs": 1000,
      "success_count": 1000,
      "timeout_count": 0,
      "failed_count": 0,
      "infeasible_count": 0,
      "time_cv": 0.021835919445354242,
      "time_iqr": 15.42007923126505,
      "time_skewness": 3.380968092847799,
      "time_kurtosis": 22.64684193499227,
      "file": "glpk_identical_50.csv",
      "scenario": "identical"
    },
    {
      "time_mean": 679.86088347435,
      "time_median": 679.681539535525,
      "time_std": 22.199672018628583,
      "time_min": 649.14298057556,
      "time_max": 1002.6340484619,
      "time_p25": 665.2839183807325,
      "time_p50": 679.681539535525,
      "time_p75": 687.814950942995,
      "time_p90": 698.907876014707,
      "time_p95": 707.3445081710789,
      "time_p99": 762.3707246780417,
      "success_rate": 1.0,
      "timeout_rate": 0.0,
      "failed_rate": 0.0,
      "infeasible_rate": 0.0,
      "total_runs": 1000,
      "success_count": 1000,
      "timeout_count": 0,
      "failed_count": 0,
      "infeasible_count": 0,
      "time_cv": 0.03265325680333268,
      "time_iqr": 22.531032562262453,
      "time_skewness": 4.885319004427421,
      "time_kurtosis": 53.21209465646475,
      "file": "glpk_opposite_50.csv",
      "scenario": "opposite"
    },
    {
      "time_mean": 597.5455703735352,
      "time_median": 637.97652721405,
      "time_std": 54.82072408836836,
      "time_min": 527.00901031494,
      "time_max": 792.79494285583,
      "time_p25": 535.55178642273,
      "time_p50": 637.97652721405,
      "time_p75": 643.3148384094225,
      "time_p90": 649.620461463925,
      "time_p95": 659.3690395355255,
      "time_p99": 671.3999819755506,
      "success_rate": 1.0,
      "timeout_rate": 0.0,
      "failed_rate": 0.0,
      "infeasible_rate": 0.0,
      "total_runs": 1000,
      "success_count": 1000,
      "timeout_count": 0,
      "failed_count": 0,
      "infeasible_count": 0,
      "time_cv": 0.09174316873288686,
      "time_iqr": 107.76305198669252,
      "time_skewness": -0.18446014797388957,
      "time_kurtosis": -1.7254426565471712,
      "file": "glpk_random_50.csv",
      "scenario": "random"
    },
    {
      "time_mean": 696.1239221096039,
      "time_median": 701.148986816405,
      "time_std": 132.2020930875381,
      "time_min": 548.98500442505,
      "time_max": 1575.0079154968,
      "time_p25": 592.9074287414525,
      "time_p50": 701.148986816405,
      "time_p75": 712.9426598548926,
      "time_p90": 807.911562919613,
      "time_p95": 964.6856665611252,
      "time_p99": 1221.29396677013,
      "success_rate": 1.0,
      "timeout_rate": 0.0,
      "failed_rate": 0.0,
      "infeasible_rate": 0.0,
      "total_runs": 1000,
      "success_count": 1000,
      "timeout_count": 0,
      "failed_count": 0,
      "infeasible_count": 0,
      "time_cv": 0.1899117224515135,
      "time_iqr": 120.03523111344009,
      "time_skewness": 2.6621078860144953,
      "time_kurtosis": 9.876976614883203,
      "file": "glpk_realistic_50.csv",
      "scenario": "realistic"
    }
  ],
  "scenario_names": [
    "identical",
    "opposite",
    "random",
    "realistic"
  ]
}