{
  "time_mean": 299.9265503883363,
  "time_median": 307.783007621765,
  "time_std": 28.639845225773907,
  "time_min": 202.84199714661,
  "time_max": 322.02410697937,
  "time_p25": 306.17249011993,
  "time_p50": 307.783007621765,
  "time_p75": 309.8936676979075,
  "time_p90": 311.283493041995,
  "time_p95": 312.9732012748745,
  "time_p99": 317.6076412200937,
  "success_rate": 1.0,
  "timeout_rate": 0.0,
  "failed_rate": 0.0,
  "infeasible_rate": 0.0,
  "total_runs": 1000,
  "success_count": 1000,
  "timeout_count": 0,
  "failed_count": 0,
  "infeasible_count": 0,
  "time_cv": 0.09548952964881521,
  "time_iqr": 3.721177577977528,
  "time_skewness": -2.959943008044691,
  "time_kurtosis": 6.874620407962503
}