{
  "size": 10,
  "scenarios": [
    {
      "time_mean": 413.6895947456359,
      "time_median": 412.47296333313,
      "time_std": 4.611184184422027,
      "time_min": 407.17887878418,
      "time_max": 449.44906234741,
      "time_p25": 410.8057022094725,
      "time_p50": 412.47296333313,
      "time_p75": 415.0229692459075,
      "time_p90": 418.585944175723,
      "time_p95": 422.51646518707196,
      "time_p99": 431.51243209839083,
      "success_rate": 1.0,
      "timeout_rate": 0.0,
      "failed_rate": 0.0,
      "infeasible_rate": 0.0,
      "total_runs": 1000,
      "success_count": 1000,
      "timeout_count": 0,
      "failed_count": 0,
      "infeasible_count": 0,
      "time_cv": 0.01114648336092981,
      "time_iqr": 4.217267036435032,
      "time_skewness": 2.611685916651976,
      "time_kurtosis": 10.320384818339154,
      "file": "glpk_identical_10.csv",
      "scenario": "identical"
    },
    {
      "time_mean": 412.9866921901704,
      "time_median": 411.903977394105,
      "time_std": 4.651410018586916,
      "time_min": 319.05102729797,
      "time_max": 434.33904647827,
      "time_p25": 410.77059507369745,
      "time_p50": 411.903977394105,
      "time_p75": 413.93166780471995,
      "time_p90": 417.669677734372,
      "time_p95": 420.49682140350603,
      "time_p99": 427.12131023407284,
      "success_rate": 1.0,
      "timeout_rate": 0.0,
      "failed_rate": 0.0,
      "infeasible_rate": 0.0,
      "total_runs": 1000,
      "success_count": 1000,
      "timeout_count": 0,
      "failed_count": 0,
      "infeasible_count": 0,
      "time_cv": 0.011262856906888066,
      "time_iqr": 3.1610727310225,
      "time_skewness": -7.15764716088216,
      "time_kurtosis": 167.08979083727436,
      "file": "glpk_opposite_10.csv",
      "scenario": "opposite"
    },
    {
      "time_mean": 339.6670367717744,
      "time_median": 309.860587120055,
      "time_std": 47.47284021178937,
      "time_min": 304.99196052551,
      "time_max": 427.55103111267,
      "time_p25": 307.17444419861,
      "time_p50": 309.860587120055,
      "time_p75": 408.6199998855575,
      "time_p90": 413.275623321534,
      "time_p95": 415.33063650130947,
      "time_p99": 419.010345935825,
      "success_rate": 1.0,
      "timeout_rate": 0.0,
      "failed_rate": 0.0,
      "infeasible_rate": 0.0,
      "total_runs": 1000,
      "success_count": 1000,
      "timeout_count": 0,
      "failed_count": 0,
      "infeasible_count": 0,
      "time_cv": 0.13976287090727274,
      "time_iqr": 101.4455556869475,
      "time_skewness": 0.8756091212148884,
      "time_kurtosis": -1.2135080146702504,
      "file": "glpk_random_10.csv",
      "scenario": "random"
    },
    {
      "time_mean": 343.03434157371515,
      "time_median": 312.90900707245,
      "time_std": 48.258745896236384,
      "time_min": 212.71300315857,
      "time_max": 468.84489059448,
      "time_p25": 308.89904499054,
      "time_p50": 312.90900707245,
      "time_p75": 409.6167087554975,
      "time_p90": 416.12908840179404,
      "time_p95": 421.2298274040205,
      "time_p99": 434.8661971092259,
      "success_rate": 1.0,
      "timeout_rate": 0.0,
      "failed_rate": 0.0,
      "infeasible_rate": 0.0,
      "total_runs": 1000,
      "success_count": 1000,
      "timeout_count": 0,
      "failed_count": 0,
      "infeasible_count": 0,
      "time_cv": 0.14068196692740162,
      "time_iqr": 100.71766376495748,
      "time_skewness": 0.8430641668194503,
      "time_kurtosis": -1.1079995751509275,
      "file": "glpk_realistic_10.csv",
      "scenario": "realistic"
    }
  ],
  "scenario_names": [
    "identical",
    "opposite",
    "random",
    "realistic"
  ]
}