{
  "size": 75,
  "scenarios": [
    {
      "time_mean": 1540.1391005516048,
      "time_median": 1600.11744499205,
      "time_std": 178.9391545174592,
      "time_min": 762.2230052948,
      "time_max": 1789.5720005035,
      "time_p25": 1582.37200975415,
      "time_p50": 1600.11744499205,
      "time_p75": 1612.936854362525,
      "time_p90": 1624.1860151291,
      "time_p95": 1631.93364143374,
      "time_p99": 1714.895393848451,
      "success_rate": 1.0,
      "timeout_rate": 0.0,
      "failed_rate": 0.0,
      "infeasible_rate": 0.0,
      "total_runs": 1000,
      "success_count": 1000,
      "timeout_count": 0,
      "failed_count": 0,
      "infeasible_count": 0,
      "time_cv": 0.11618376187798342,
      "time_iqr": 30.564844608375097,
      "time_skewness": -3.0368063254297857,
      "time_kurtosis": 8.884711226004852,
      "file": "glpk_identical_75.csv",
      "scenario": "identical"
    },
    {
      "time_mean": 1156.8039298057563,
      "time_median": 1141.34752750395,
      "time_std": 209.7412974177495,
      "time_min": 822.28112220764,
      "time_max": 1718.3799743652,
      "time_p25": 1016.5882110596,
      "time_p50": 1141.34752750395,
      "time_p75": 1263.9485001564249,
      "time_p90": 1479.7868728637402,
      "time_p95": 1562.7059221268098,
      "time_p99": 1621.305990219126,
      "success_rate": 1.0,
      "timeout_rate": 0.0,
      "failed_rate": 0.0,
      "infeasible_rate": 0.0,
      "total_runs": 1000,
      "success_count": 1000,
      "timeout_count": 0,
      "failed_count": 0,
      "infeasible_count": 0,
      "time_cv": 0.18131101737609764,
      "time_iqr": 247.36028909682489,
      "time_skewness": 0.5204347924439006,
      "time_kurtosis": -0.5303584099409604,
      "file": "glpk_opposite_75.csv",
      "scenario": "opposite"
    },
    {
      "time_mean": 739.475818157196,
      "time_median": 696.073055267335,
      "time_std": 124.44602073896044,
      "time_min": 659.78217124939,
      "time_max": 1543.6279773712,
      "time_p25": 677.8289079666125,
      "time_p50": 696.073055267335,
      "time_p75": 773.4414935111976,
      "time_p90": 799.1343021392851,
      "time_p95": 901.7136931419359,
      "time_p99": 1327.047109603857,
      "success_rate": 1.0,
      "timeout_rate": 0.0,
      "failed_rate": 0.0,
      "infeasible_rate": 0.0,
      "total_runs": 1000,
      "success_count": 1000,
      "timeout_count": 0,
      "failed_count": 0,
      "infeasible_count": 0,
      "time_cv": 0.16828950681455007,
      "time_iqr": 95.61258554458504,
      "time_skewness": 3.614128629505132,
      "time_kurtosis": 14.325047655928834,
      "file": "glpk_random_75.csv",
      "scenario": "random"
    },
    {
      "time_mean": 1345.1016635894784,
      "time_median": 1347.50199317935,
      "time_std": 209.313922311859,
      "time_min": 918.92385482788,
      "time_max": 2555.4349422455,
      "time_p25": 1225.171267986325,
      "time_p50": 1347.50199317935,
      "time_p75": 1461.1257314682,
      "time_p90": 1494.05784606935,
      "time_p95": 1680.17135858533,
      "time_p99": 2212.4421739578206,
      "success_rate": 1.0,
      "timeout_rate": 0.0,
      "failed_rate": 0.0,
      "infeasible_rate": 0.0,
      "total_runs": 1000,
      "success_count": 1000,
      "timeout_count": 0,
      "failed_count": 0,
      "infeasible_count": 0,
      "time_cv": 0.15561197192581946,
      "time_iqr": 235.9544634818751,
      "time_skewness": 1.9236097752653378,
      "time_kurtosis": 6.380031675922533,
      "file": "glpk_realistic_75.csv",
      "scenario": "realistic"
    }
  ],
  "scenario_names": [
    "identical",
    "opposite",
    "random",
    "realistic"
  ]
}