{
  "size": 100,
  "scenarios": [
    {
      "time_mean": 2082.2197840213785,
      "time_median": 2033.95307064055,
      "time_std": 348.26041344000697,
      "time_min": 1567.9450035095,
      "time_max": 3343.2660102844,
      "time_p25": 1772.643029689775,
      "time_p50": 2033.95307064055,
      "time_p75": 2357.0935726165753,
      "time_p90": 2567.3117399216,
      "time_p95": 2682.54152536388,
      "time_p99": 2905.08062124248,
      "success_rate": 1.0,
      "timeout_rate": 0.0,
      "failed_rate": 0.0,
      "infeasible_rate": 0.0,
      "total_runs": 1000,
      "success_count": 1000,
      "timeout_count": 0,
      "failed_count": 0,
      "infeasible_count": 0,
      "time_cv": 0.16725439653993382,
      "time_iqr": 584.4505429268004,
      "time_skewness": 0.5412254510398364,
      "time_kurtosis": -0.43594847376337764,
      "file": "glpk_identical_100.csv",
      "scenario": "identical"
    },
    {
      "time_mean": 1739.0519874095924,
      "time_median": 1719.712972641,
      "time_std": 147.90992154610365,
      "time_min": 1588.3209705353,
      "time_max": 2349.4281768799,
      "time_p25": 1614.246964454675,
      "time_p50": 1719.712972641,
      "time_p75": 1844.5255160331499,
      "time_p90": 1956.6511631011701,
      "time_p95": 2044.9921607971398,
      "time_p99": 2152.861673831902,
      "success_rate": 1.0,
      "timeout_rate": 0.0,
      "failed_rate": 0.0,
      "infeasible_rate": 0.0,
      "total_runs": 1000,
      "success_count": 1000,
      "timeout_count": 0,
      "failed_count": 0,
      "infeasible_count": 0,
      "time_cv": 0.0850520413518075,
      "time_iqr": 230.2785515784749,
      "time_skewness": 0.9759592069826151,
      "time_kurtosis": 0.06175138699398808,
      "file": "glpk_opposite_100.csv",
      "scenario": "opposite"
    },
    {
      "time_mean": 1403.0046827793126,
      "time_median": 1432.78646469115,
      "time_std": 144.99220673979073,
      "time_min": 1027.2359848022,
      "time_max": 1711.2171649933,
      "time_p25": 1292.662441730525,
      "time_p50": 1432.78646469115,
      "time_p75": 1525.622248649625,
      "time_p90": 1554.8785686492802,
      "time_p95": 1573.9786863327101,
      "time_p99": 1669.175422191661,
      "success_rate": 1.0,
      "timeout_rate": 0.0,
      "failed_rate": 0.0,
      "infeasible_rate": 0.0,
      "total_runs": 1000,
      "success_count": 1000,
      "timeout_count": 0,
      "failed_count": 0,
      "infeasible_count": 0,
      "time_cv": 0.10334406472013,
      "time_iqr": 232.95980691909995,
      "time_skewness": -0.4154483762272996,
      "time_kurtosis": -0.8258732069642964,
      "file": "glpk_random_100.csv",
      "scenario": "random"
    },
    {
      "time_mean": 1982.8638420104976,
      "time_median": 1822.2815990448,
      "time_std": 488.71443469281263,
      "time_min": 1335.8309268951,
      "time_max": 4636.7490291595,
      "time_p25": 1619.973123073575,
      "time_p50": 1822.2815990448,
      "time_p75": 2261.2312436104,
      "time_p90": 2635.6182575226203,
      "time_p95": 2810.336613655105,
      "time_p99": 3703.6433887481408,
      "success_rate": 1.0,
      "timeout_rate": 0.0,
      "failed_rate": 0.0,
      "infeasible_rate": 0.0,
      "total_runs": 1000,
      "success_count": 1000,
      "timeout_count": 0,
      "failed_count": 0,
      "infeasible_count": 0,
      "time_cv": 0.2464689830630465,
      "time_iqr": 641.2581205368249,
      "time_skewness": 1.4764243964226802,
      "time_kurtosis": 2.7797645658738004,
      "file": "glpk_realistic_100.csv",
      "scenario": "realistic"
    }
  ],
  "scenario_names": [
    "identical",
    "opposite",
    "random",
    "realistic"
  ]
}