{
  "time_mean": 343.03434157371515,
  "time_median": 312.90900707245,
  "time_std": 48.258745896236384,
  "time_min": 212.71300315857,
  "time_max": 468.84489059448,
  "time_p25": 308.89904499054,
  "time_p50": 312.90900707245,
  "time_p75": 409.6167087554975,
  "time_p90": 416.12908840179404,
  "time_p95": 421.2298274040205,
  "time_p99": 434.8661971092259,
  "success_rate": 1.0,
  "timeout_rate": 0.0,
  "failed_rate": 0.0,
  "infeasible_rate": 0.0,
  "total_runs": 1000,
  "success_count": 1000,
  "timeout_count": 0,
  "failed_count": 0,
  "infeasible_count": 0,
  "time_cv": 0.14068196692740162,
  "time_iqr": 100.71766376495748,
  "time_skewness": 0.8430641668194503,
  "time_kurtosis": -1.1079995751509275
}