{
  "size": 150,
  "scenarios": [
    {
      "time_mean": 6170.72914361954,
      "time_median": 5885.7250213623,
      "time_std": 621.5980344811824,
      "time_min": 3927.8950691223,
      "time_max": 7639.4140720367,
      "time_p25": 5782.955169677775,
      "time_p50": 5885.7250213623,
      "time_p75": 6733.861446380625,
      "time_p90": 7084.6885919571405,
      "time_p95": 7286.972117423995,
      "time_p99": 7479.214224815364,
      "success_rate": 1.0,
      "timeout_rate": 0.0,
      "failed_rate": 0.0,
      "infeasible_rate": 0.0,
      "total_runs": 100,
      "success_count": 100,
      "timeout_count": 0,
      "failed_count": 0,
      "infeasible_count": 0,
      "time_cv": 0.10073332016588465,
      "time_iqr": 950.9062767028499,
      "time_skewness": 0.1222010325059499,
      "time_kurtosis": 0.8658640757715363,
      "file": "glpk_identical_150.csv",
      "scenario": "identical"
    },
    {
      "time_mean": 4635.038015842437,
      "time_median": 4647.4574804306,
      "time_std": 568.4478843263585,
      "time_min": 3848.3338356018,
      "time_max": 8936.9640350342,
      "time_p25": 4517.986655235275,
      "time_p50": 4647.4574804306,
      "time_p75": 4684.624016284925,
      "time_p90": 4754.69803810119,
      "time_p95": 4807.357323169755,
      "time_p99": 7046.725318431831,
      "success_rate": 1.0,
      "timeout_rate": 0.0,
      "failed_rate": 0.0,
      "infeasible_rate": 0.0,
      "total_runs": 100,
      "success_count": 100,
      "timeout_count": 0,
      "failed_count": 0,
      "infeasible_count": 0,
      "time_cv": 0.12264147184627584,
      "time_iqr": 166.63736104965028,
      "time_skewness": 5.169776363334429,
      "time_kurtosis": 34.322947878084186,
      "file": "glpk_opposite_150.csv",
      "scenario": "opposite"
    },
    {
      "time_mean": 2839.9466104507455,
      "time_median": 2802.3064136505,
      "time_std": 172.7026111043436,
      "time_min": 2433.4559440613,
      "time_max": 3518.2058811188,
      "time_p25": 2704.28293943405,
      "time_p50": 2802.3064136505,
      "time_p75": 2938.736617565125,
      "time_p90": 3053.6521911621103,
      "time_p95": 3142.655742168405,
      "time_p99": 3384.969062805175,
      "success_rate": 1.0,
      "timeout_rate": 0.0,
      "failed_rate": 0.0,
      "infeasible_rate": 0.0,
      "total_runs": 1000,
      "success_count": 1000,
      "timeout_count": 0,
      "failed_count": 0,
      "infeasible_count": 0,
      "time_cv": 0.06081192176951977,
      "time_iqr": 234.45367813107487,
      "time_skewness": 0.8573911239809342,
      "time_kurtosis": 0.6939467812711015,
      "file": "glpk_random_150.csv",
      "scenario": "random"
    },
    {
      "time_mean": 4400.326399803165,
      "time_median": 4397.7974653244,
      "time_std": 550.2636419541963,
      "time_min": 2661.7090702057,
      "time_max": 5577.0440101624,
      "time_p25": 4054.2814135551253,
      "time_p50": 4397.7974653244,
      "time_p75": 4813.1772875785755,
      "time_p90": 5037.23690509795,
      "time_p95": 5146.918821334845,
      "time_p99": 5373.269145488702,
      "success_rate": 1.0,
      "timeout_rate": 0.0,
      "failed_rate": 0.0,
      "infeasible_rate": 0.0,
      "total_runs": 100,
      "success_count": 100,
      "timeout_count": 0,
      "failed_count": 0,
      "infeasible_count": 0,
      "time_cv": 0.12505064214754855,
      "time_iqr": 758.8958740234502,
      "time_skewness": -0.6763506247055145,
      "time_kurtosis": 0.8734441635799532,
      "file": "glpk_realistic_150.csv",
      "scenario": "realistic"
    }
  ],
  "scenario_names": [
    "identical",
    "opposite",
    "random",
    "realistic"
  ]
}