{
  "time_mean": 679.86088347435,
  "time_median": 679.681539535525,
  "time_std": 22.199672018628583,
  "time_min": 649.14298057556,
  "time_max": 1002.6340484619,
  "time_p25": 665.2839183807325,
  "time_p50": 679.681539535525,
  "time_p75": 687.814950942995,
  "time_p90": 698.907876014707,
  "time_p95": 707.3445081710789,
  "time_p99": 762.3707246780417,
  "success_rate": 1.0,
  "timeout_rate": 0.0,
  "failed_rate": 0.0,
  "infeasible_rate": 0.0,
  "total_runs": 1000,
  "success_count": 1000,
  "timeout_count": 0,
  "failed_count": 0,
  "infeasible_count": 0,
  "time_cv": 0.03265325680333268,
  "time_iqr": 22.531032562262453,
  "time_skewness": 4.885319004427421,
  "time_kurtosis": 53.21209465646475
}